{"meta": {"format": 3, "version": "7.8.0", "timestamp": "2025-04-10T08:20:33.155929", "branch_coverage": true, "show_contexts": false}, "files": {"linkedin_profile.py": {"executed_lines": [2, 3, 4, 5, 6, 8, 10, 12, 14, 15, 16, 17, 18, 20, 22, 23, 25, 26, 28, 29, 30, 32, 33, 34, 35, 36, 37, 38, 40, 43, 45, 46, 47, 49, 50, 51, 53, 54, 56, 58, 60, 77, 78, 79, 80, 81, 84, 85, 86, 88, 90, 91, 93, 94, 96, 97, 98, 99, 101, 102, 105, 106, 107, 108, 110, 112, 122, 123, 124, 125, 126, 128, 130, 141, 142, 143, 144, 146, 148, 149, 151, 152, 155, 156, 157, 159, 160, 162, 163, 165, 166, 167, 169, 171, 173, 209, 210, 213, 214, 215, 218, 219, 220, 222, 223, 225, 227, 245, 246, 247, 248, 250, 252, 253, 256, 257, 260, 261, 263, 264, 265, 266, 267, 268, 269, 271, 272, 274, 276, 278, 296, 297, 299, 300, 301, 302, 304, 305, 306, 307, 308, 310, 312, 314, 329, 330, 331, 333, 335, 344, 345, 346, 347, 349, 350, 351, 353, 355, 357, 384, 385, 386, 387, 388, 390, 392, 393, 396, 399, 400, 403, 406, 409, 412, 415, 418, 421, 424, 427, 430, 431, 432, 433, 435, 438, 439, 441], "summary": {"covered_lines": 187, "num_statements": 190, "percent_covered": 98.30508474576271, "percent_covered_display": "98", "missing_lines": 3, "excluded_lines": 0, "num_branches": 46, "num_partial_branches": 1, "covered_branches": 45, "missing_branches": 1}, "missing_lines": [436, 437, 442], "excluded_lines": [], "executed_branches": [[14, 15], [14, 18], [29, 30], [29, 32], [33, 34], [33, 56], [35, 36], [35, 53], [36, 37], [36, 49], [38, 40], [38, 43], [46, 35], [46, 47], [49, 50], [49, 51], [78, 79], [78, 84], [97, 98], [97, 102], [98, 99], [98, 101], [106, 107], [106, 108], [146, 148], [146, 169], [155, 156], [155, 165], [157, 159], [157, 162], [209, -171], [209, 210], [218, 219], [218, 222], [250, 252], [250, 274], [263, 264], [263, 271], [265, 266], [265, 268], [299, 300], [299, 310], [349, 350], [349, 353], [441, -2]], "missing_branches": [[441, 442]], "functions": {"clear_screen": {"executed_lines": [10], "summary": {"covered_lines": 1, "num_statements": 1, "percent_covered": 100.0, "percent_covered_display": "100", "missing_lines": 0, "excluded_lines": 0, "num_branches": 0, "num_partial_branches": 0, "covered_branches": 0, "missing_branches": 0}, "missing_lines": [], "excluded_lines": [], "executed_branches": [], "missing_branches": []}, "print_with_typing": {"executed_lines": [14, 15, 16, 17, 18], "summary": {"covered_lines": 5, "num_statements": 5, "percent_covered": 100.0, "percent_covered_display": "100", "missing_lines": 0, "excluded_lines": 0, "num_branches": 2, "num_partial_branches": 0, "covered_branches": 2, "missing_branches": 0}, "missing_lines": [], "excluded_lines": [], "executed_branches": [[14, 15], [14, 18]], "missing_branches": []}, "matrix_rain": {"executed_lines": [22, 23, 25, 26, 28, 29, 30, 32, 33, 34, 35, 36, 37, 38, 40, 43, 45, 46, 47, 49, 50, 51, 53, 54, 56], "summary": {"covered_lines": 25, "num_statements": 25, "percent_covered": 100.0, "percent_covered_display": "100", "missing_lines": 0, "excluded_lines": 0, "num_branches": 14, "num_partial_branches": 0, "covered_branches": 14, "missing_branches": 0}, "missing_lines": [], "excluded_lines": [], "executed_branches": [[29, 30], [29, 32], [33, 34], [33, 56], [35, 36], [35, 53], [36, 37], [36, 49], [38, 40], [38, 43], [46, 35], [46, 47], [49, 50], [49, 51]], "missing_branches": []}, "draw_linkedin_logo": {"executed_lines": [60, 77, 78, 79, 80, 81, 84, 85, 86], "summary": {"covered_lines": 9, "num_statements": 9, "percent_covered": 100.0, "percent_covered_display": "100", "missing_lines": 0, "excluded_lines": 0, "num_branches": 2, "num_partial_branches": 0, "covered_branches": 2, "missing_branches": 0}, "missing_lines": [], "excluded_lines": [], "executed_branches": [[78, 79], [78, 84]], "missing_branches": []}, "draw_border": {"executed_lines": [90, 91, 93, 94, 96, 97, 98, 99, 101, 102, 105, 106, 107, 108], "summary": {"covered_lines": 14, "num_statements": 14, "percent_covered": 100.0, "percent_covered_display": "100", "missing_lines": 0, "excluded_lines": 0, "num_branches": 6, "num_partial_branches": 0, "covered_branches": 6, "missing_branches": 0}, "missing_lines": [], "excluded_lines": [], "executed_branches": [[97, 98], [97, 102], [98, 99], [98, 101], [106, 107], [106, 108]], "missing_branches": []}, "show_profile_summary": {"executed_lines": [112, 122, 123, 124, 125, 126], "summary": {"covered_lines": 6, "num_statements": 6, "percent_covered": 100.0, "percent_covered_display": "100", "missing_lines": 0, "excluded_lines": 0, "num_branches": 0, "num_partial_branches": 0, "covered_branches": 0, "missing_branches": 0}, "missing_lines": [], "excluded_lines": [], "executed_branches": [], "missing_branches": []}, "animate_skills_graph": {"executed_lines": [130, 141, 142, 143, 144, 146, 148, 149, 151, 152, 155, 156, 157, 159, 160, 162, 163, 165, 166, 167, 169], "summary": {"covered_lines": 21, "num_statements": 21, "percent_covered": 100.0, "percent_covered_display": "100", "missing_lines": 0, "excluded_lines": 0, "num_branches": 6, "num_partial_branches": 0, "covered_branches": 6, "missing_branches": 0}, "missing_lines": [], "excluded_lines": [], "executed_branches": [[146, 148], [146, 169], [155, 156], [155, 165], [157, 159], [157, 162]], "missing_branches": []}, "show_experience": {"executed_lines": [173, 209, 210, 213, 214, 215, 218, 219, 220, 222, 223], "summary": {"covered_lines": 11, "num_statements": 11, "percent_covered": 100.0, "percent_covered_display": "100", "missing_lines": 0, "excluded_lines": 0, "num_branches": 4, "num_partial_branches": 0, "covered_branches": 4, "missing_branches": 0}, "missing_lines": [], "excluded_lines": [], "executed_branches": [[209, -171], [209, 210], [218, 219], [218, 222]], "missing_branches": []}, "show_projects": {"executed_lines": [227, 245, 246, 247, 248, 250, 252, 253, 256, 257, 260, 261, 263, 264, 265, 266, 267, 268, 269, 271, 272, 274], "summary": {"covered_lines": 22, "num_statements": 22, "percent_covered": 100.0, "percent_covered_display": "100", "missing_lines": 0, "excluded_lines": 0, "num_branches": 6, "num_partial_branches": 0, "covered_branches": 6, "missing_branches": 0}, "missing_lines": [], "excluded_lines": [], "executed_branches": [[250, 252], [250, 274], [263, 264], [263, 271], [265, 266], [265, 268]], "missing_branches": []}, "show_recommendations": {"executed_lines": [278, 296, 297, 299, 300, 301, 302, 304, 305, 306, 307, 308, 310], "summary": {"covered_lines": 13, "num_statements": 13, "percent_covered": 100.0, "percent_covered_display": "100", "missing_lines": 0, "excluded_lines": 0, "num_branches": 2, "num_partial_branches": 0, "covered_branches": 2, "missing_branches": 0}, "missing_lines": [], "excluded_lines": [], "executed_branches": [[299, 300], [299, 310]], "missing_branches": []}, "show_contact_info": {"executed_lines": [314, 329, 330, 331], "summary": {"covered_lines": 4, "num_statements": 4, "percent_covered": 100.0, "percent_covered_display": "100", "missing_lines": 0, "excluded_lines": 0, "num_branches": 0, "num_partial_branches": 0, "covered_branches": 0, "missing_branches": 0}, "missing_lines": [], "excluded_lines": [], "executed_branches": [], "missing_branches": []}, "show_achievements": {"executed_lines": [335, 344, 345, 346, 347, 349, 350, 351, 353], "summary": {"covered_lines": 9, "num_statements": 9, "percent_covered": 100.0, "percent_covered_display": "100", "missing_lines": 0, "excluded_lines": 0, "num_branches": 2, "num_partial_branches": 0, "covered_branches": 2, "missing_branches": 0}, "missing_lines": [], "excluded_lines": [], "executed_branches": [[349, 350], [349, 353]], "missing_branches": []}, "display_qr_code": {"executed_lines": [357, 384, 385, 386, 387, 388], "summary": {"covered_lines": 6, "num_statements": 6, "percent_covered": 100.0, "percent_covered_display": "100", "missing_lines": 0, "excluded_lines": 0, "num_branches": 0, "num_partial_branches": 0, "covered_branches": 0, "missing_branches": 0}, "missing_lines": [],