{
  "eigenvalues": [
    2.9976504312014236,
    0.0015310203596666672,
    0.000818549503104908
  ],
  "eigenvectors": [
    [
      -0.5774188294755332,
      0.013430632583292584,
      0.8164112432507786
    ],
    [
      -0.5773179446269193,
      0.7005693666011412,
      -0.41892505715177447
    ],
    [
      -0.5773140273532721,
      -0.7134579039358162,
      -0.39746003369408145
    ]
  ],
  "feature_columns": [
    "close",
    "high",
    "low"
  ],
  "n_components": 3
}